{"cameraMode":{"drawMode":0,"name":"Shaded","section":"Shading Mode"},"sceneLighting":true,"audioPlay":false,"sceneViewState":{"showFog":true,"showMaterialUpdate":true,"showSkybox":true,"showFlares":true,"showImageEffects":true,"showParticleSystems":true},"in2DMode":false,"pivot":{"x":0.31432440876960757,"y":0.352519154548645,"z":-2.2688510417938234},"rotation":{"x":0.18493805825710298,"y":-0.007096447516232729,"z":0.0012145061045885087,"w":0.982803225517273},"size":0.43641212582588198,"orthographic":false}