{"cameraMode":{"drawMode":0,"name":"Shaded","section":"Shading Mode"},"sceneLighting":true,"audioPlay":false,"sceneViewState":{"showFog":true,"showMaterialUpdate":true,"showSkybox":true,"showFlares":true,"showImageEffects":true,"showParticleSystems":true},"in2DMode":false,"pivot":{"x":0.3993808627128601,"y":0.4707465171813965,"z":0.14977270364761353},"rotation":{"x":0.1564372330904007,"y":-0.8019358515739441,"z":0.23881445825099946,"w":0.5249090790748596},"size":1.1751681566238404,"orthographic":false}