{"cameraMode":{"drawMode":0,"name":"Shaded","section":"Shading Mode"},"sceneLighting":true,"audioPlay":false,"sceneViewState":{"showFog":true,"showMaterialUpdate":true,"showSkybox":true,"showFlares":true,"showImageEffects":true,"showParticleSystems":true},"in2DMode":false,"pivot":{"x":0.3533780574798584,"y":0.9728167057037354,"z":-0.14195036888122559},"rotation":{"x":-0.004860529210418463,"y":0.990447998046875,"z":-0.1330161839723587,"w":-0.036268651485443118},"size":1.3603849411010743,"orthographic":false}