{"cameraMode":{"drawMode":0,"name":"Shaded","section":"Shading Mode"},"sceneLighting":true,"audioPlay":false,"sceneViewState":{"showFog":true,"showMaterialUpdate":true,"showSkybox":true,"showFlares":true,"showImageEffects":true,"showParticleSystems":true},"in2DMode":false,"pivot":{"x":0.4665098488330841,"y":-0.03819097951054573,"z":-2.0330727100372316},"rotation":{"x":-0.09130686521530152,"y":0.18328005075454713,"z":-0.016973217949271203,"w":-0.9787404537200928},"size":0.8433644771575928,"orthographic":false}