{"cameraMode":{"drawMode":0,"name":"Shaded","section":"Shading Mode"},"sceneLighting":true,"audioPlay":false,"sceneViewState":{"showFog":true,"showMaterialUpdate":true,"showSkybox":true,"showFlares":true,"showImageEffects":true,"showParticleSystems":true},"in2DMode":false,"pivot":{"x":0.6111624240875244,"y":1.970566071429758e-11,"z":0.862792432308197},"rotation":{"x":0.2365138679742813,"y":-0.01657268963754177,"z":0.004032272845506668,"w":0.9714885354042053},"size":2.281743288040161,"orthographic":false}