{"cameraMode":{"drawMode":0,"name":"Shaded","section":"Shading Mode"},"sceneLighting":true,"audioPlay":false,"sceneViewState":{"showFog":true,"showMaterialUpdate":true,"showSkybox":true,"showFlares":true,"showImageEffects":true,"showParticleSystems":true},"in2DMode":false,"pivot":{"x":-0.2512543797492981,"y":-7.4343156814575199,"z":6.347819805145264},"rotation":{"x":-0.10203856974840164,"y":0.042361583560705188,"z":-0.004349168390035629,"w":-0.9938688278198242},"size":13.664064407348633,"orthographic":false}