{"cameraMode":{"drawMode":0,"name":"Shaded","section":"Shading Mode"},"sceneLighting":true,"audioPlay":false,"sceneViewState":{"showFog":true,"showMaterialUpdate":true,"showSkybox":true,"showFlares":true,"showImageEffects":true,"showParticleSystems":true},"in2DMode":false,"pivot":{"x":-0.2674674987792969,"y":0.7179679870605469,"z":0.4888654947280884},"rotation":{"x":0.19145065546035767,"y":-0.6301741600036621,"z":0.16426120698451997,"w":0.7344144582748413},"size":1.530035376548767,"orthographic":false}