{"cameraMode":{"drawMode":0,"name":"Shaded","section":"Shading Mode"},"sceneLighting":true,"audioPlay":false,"sceneViewState":{"showFog":true,"showMaterialUpdate":true,"showSkybox":true,"showFlares":true,"showImageEffects":true,"showParticleSystems":true},"in2DMode":false,"pivot":{"x":0.4161767363548279,"y":-0.3299276828765869,"z":-2.294907569885254},"rotation":{"x":0.025968123227357866,"y":-0.9140506386756897,"z":0.058996353298425677,"w":0.40063849091529848},"size":0.4531726539134979,"orthographic":false}