{"cameraMode":{"drawMode":0,"name":"Shaded","section":"Shading Mode"},"sceneLighting":true,"audioPlay":false,"sceneViewState":{"showFog":true,"showMaterialUpdate":true,"showSkybox":true,"showFlares":true,"showImageEffects":true,"showParticleSystems":true},"in2DMode":false,"pivot":{"x":0.3995600640773773,"y":0.4708513617515564,"z":0.1498589813709259},"rotation":{"x":0.12102679908275604,"y":-0.054728854447603229,"z":0.006626124959439039,"w":0.9911810159683228},"size":1.1751681566238404,"orthographic":false}